Country,Alpha-2 code,Alpha-3 code,Currency,Rate,vat_rate
AFGHANISTAN,AF,AFG,AFN,,
ALBANIA,AL,ALB,ALL,0.00973236,0.2
ALGERIA,DZ,DZA,DZD,0.00742174,0.19
AMERICAN SAMOA,AS,ASM,USD,1,
ANDORRA,AD,AND,EUR,1.1845,
ANGOLA,AO,AGO,AOA,,0.14
ANGUILLA,AI,AIA,XCD,,
ANTARCTICA,AQ,ATA,,,
ANTIGUA AND BARBUDA,AG,ATG,XCD,,
ARGENTINA,AR,ARG,ARS,0.01035036,0.21
ARMENIA,AM,ARM,AMD,,0.2
ARUBA,AW,ABW,AWG,,
AUSTRALIA,AU,AUS,AUD,1.355564593,0.1
AUSTRIA,AT,AUT,EUR,1.1845,0.2
AZERBAIJAN,AZ,AZE,AZN,0.588373735,0.18
BAHAMAS (THE),BS,BHS,BSD,,
BAHRAIN,BH,BHR,BHD,2.652519894,0.1
BANGLADESH,BD,BGD,BDT,0.011790006,
BARBADOS,BB,BRB,BBD,,0.18
BELARUS,BY,BLR,BYN,0.397014451,0.2
BELGIUM,BE,BEL,EUR,1.1845,0.21
BELIZE,BZ,BLZ,BZD,,
BENIN,BJ,BEN,XOF,,
BERMUDA,BM,BMU,BMD,,
BHUTAN,BT,BTN,INR,0.013444926,
BOLIVIA,BO,BOL,BOB,0.144546269,0.13
"BONAIRE, SINT EUSTATIUS AND SABA",BQ,BES,USD,1,
BOSNIA AND HERZEGOVINA,BA,BIH,BAM,,0.17
BOTSWANA,BW,BWA,BWP,,0.14
BOUVET ISLAND,BV,BVT,NOK,0.113560227,
BRAZIL,BR,BRA,BRL,0.189670542,0.2
BRITISH INDIAN OCEAN TERRITORY (THE),IO,IOT,USD,1,
BRUNEI DARUSSALAM,BN,BRN,BND,,
BULGARIA,BG,BGR,BGN,,0.2
BURKINA FASO,BF,BFA,XOF,,
BURUNDI,BI,BDI,BIF,,
CABO VERDE,CV,CPV,CVE,,0.15
CAMBODIA,KH,KHM,KHR,0.000245483,0.1
CAMEROON,CM,CMR,XAF,,
CANADA,CA,CAN,CAD,0.798212005,0.15
CAYMAN ISLANDS (THE),KY,CYM,KYD,,
CENTRAL AFRICAN REPUBLIC (THE),CF,CAF,XAF,,
CHAD,TD,TCD,XAF,,0.18
CHILE,CL,CHL,CLP,0.001312207,0.19
CHINA,CN,CHN,CNY,0.15503876,
CHRISTMAS ISLAND,CX,CXR,AUD,1.355564593,
COCOS (KEELING) ISLANDS (THE),CC,CCK,AUD,1.355564593,
COLOMBIA,CO,COL,COP,0.000256838,0.19
COMOROS (THE),KM,COM,KMF,,
CONGO (THE DEMOCRATIC REPUBLIC OF THE),CD,COD,CDF,,
CONGO (THE),CG,COG,XAF,,
COOK ISLANDS (THE),CK,COK,NZD,1.438848921,
COSTA RICA,CR,CRI,CRC,0.001614322,0.13
CROATIA,HR,HRV,HRK,,0.25
CUBA,CU,CUB,CUP,,
CURAÇAO,CW,CUW,ANG,,
CYPRUS,CY,CYP,EUR,1.1845,0.19
CZECHIA,CZ,CZE,CZK,0.046335768,
CÔTE D'IVOIRE,CI,CIV,XOF,,
DENMARK,DK,DNK,DKK,0.159248348,0.25
DJIBOUTI,DJ,DJI,DJF,,
DOMINICA,DM,DMA,XCD,,
DOMINICAN REPUBLIC (THE),DO,DOM,DOP,0.017514822,
ECUADOR,EC,ECU,USD,1,0.12
EGYPT,EG,EGY,EGP,0.063539264,0.14
EL SALVADOR,SV,SLV,SVC,0.114285714,0.13
EQUATORIAL GUINEA,GQ,GNQ,XAF,,0.15
ERITREA,ER,ERI,ERN,,
ESTONIA,EE,EST,EUR,1.1845,0.2
ESWATINI,SZ,SWZ,SZL,,0.15
ETHIOPIA,ET,ETH,ETB,,
FALKLAND ISLANDS (THE) [MALVINAS],FK,FLK,FKP,,
FAROE ISLANDS (THE),FO,FRO,DKK,0.159248348,
FIJI,FJ,FJI,FJD,,0.09
FINLAND,FI,FIN,EUR,1.1845,0.24
FRANCE,FR,FRA,EUR,1.1845,
FRENCH GUIANA,GF,GUF,EUR,1.1845,
FRENCH POLYNESIA,PF,PYF,XPF,,
FRENCH SOUTHERN TERRITORIES (THE),TF,ATF,EUR,1.1845,
GABON,GA,GAB,XAF,,0.18
GAMBIA (THE),GM,GMB,GMD,,
GEORGIA,GE,GEO,GEL,0.322841001,0.18
GERMANY,DE,DEU,EUR,1.1845,0.19
GHANA,GH,GHA,GHS,,0.13
GIBRALTAR,GI,GIB,GIP,1.390240512,
GREECE,GR,GRC,EUR,1.1845,0.24
GREENLAND,GL,GRL,DKK,0.159248348,
GRENADA,GD,GRD,XCD,,
GUADELOUPE,GP,GLP,EUR,1.1845,
GUAM,GU,GUM,USD,1,
GUATEMALA,GT,GTM,GTQ,0.12901894,0.12
GUERNSEY,GG,GGY,GBP,1.3903,
GUINEA,GN,GIN,GNF,,
GUINEA-BISSAU,GW,GNB,XOF,,
GUYANA,GY,GUY,GYD,,0.14
HAITI,HT,HTI,HTG,,
HEARD ISLAND AND MCDONALD ISLANDS,HM,HMD,AUD,1.355564593,
HOLY SEE (THE),VA,VAT,EUR,1.1845,
HONDURAS,HN,HND,HNL,0.041999689,0.15
HONG KONG,HK,HKG,HKD,0.128521489,
HUNGARY,HU,HUN,HUF,0.003286717,0.27
ICELAND,IS,ISL,ISK,0.008002881,0.24
INDIA,IN,IND,INR,0.013444926,0.18
INDONESIA,ID,IDN,IDR,6.91372E-05,0.1
IRAN (ISLAMIC REPUBLIC OF),IR,IRN,IRR,,
IRAQ,IQ,IRQ,IQD,,
IRELAND,IE,IRL,EUR,1.1845,0.23
ISLE OF MAN,IM,IMN,GBP,1.3903,0.2
ISRAEL,IL,ISR,ILS,0.307663908,0.17
ITALY,IT,ITA,EUR,1.1845,0.22
JAMAICA,JM,JAM,JMD,,0.15
JAPAN,JP,JPN,JPY,0.009097939,0.08
JERSEY,JE,JEY,GBP,1.3903,
JORDAN,JO,JOR,JOD,,0.16
KAZAKHSTAN,KZ,KAZ,KZT,0.002352997,0.12
KENYA,KE,KEN,KES,,0.16
KIRIBATI,KI,KIR,AUD,1.355564593,
KOREA (THE DEMOCRATIC PEOPLE'S REPUBLIC OF),KP,PRK,KPW,,
KOREA,KR,KOR,KRW,0.00086938,
KUWAIT,KW,KWT,KWD,3.325573661,
KYRGYZSTAN,KG,KGZ,KGS,,0.12
LAO PEOPLE'S DEMOCRATIC REPUBLIC (THE),LA,LAO,LAK,,
LATVIA,LV,LVA,EUR,1.1845,0.21
LEBANON,LB,LBN,LBP,,0.11
LESOTHO,LS,LSO,LSL,,
LIBERIA,LR,LBR,LRD,,
LIBYA,LY,LBY,LYD,,
LIECHTENSTEIN,LI,LIE,CHF,1.098780354,0.08
LITHUANIA,LT,LTU,EUR,1.1845,0.21
LUXEMBOURG,LU,LUX,EUR,1.1845,0.17
MACAO,MO,MAC,MOP,0.12490476,
MADAGASCAR,MG,MDG,MGA,,0.2
MALAWI,MW,MWI,MWK,,0.17
MALAYSIA,MY,MYS,MYR,0.236166545,0.1
MALDIVES,MV,MDV,MVR,,
MALI,ML,MLI,XOF,,
MALTA,MT,MLT,EUR,1.1845,0.18
MARSHALL ISLANDS (THE),MH,MHL,USD,1,
MARTINIQUE,MQ,MTQ,EUR,1.1845,
MAURITANIA,MR,MRT,MRU,,0.16
MAURITIUS,MU,MUS,MUR,0.023529467,0.15
MAYOTTE,YT,MYT,EUR,1.1845,
MEXICO,MX,MEX,MXN,0.05,0.16
MICRONESIA (FEDERATED STATES OF),FM,FSM,USD,1,
MOLDOVA (THE REPUBLIC OF),MD,MDA,MDL,0.0557569,
MONACO,MC,MCO,EUR,1.1845,
MONGOLIA,MN,MNG,MNT,,0.1
MONTENEGRO,ME,MNE,EUR,1.1845,0.21
MONTSERRAT,MS,MSR,XCD,,
MOROCCO,MA,MAR,MAD,0.112069932,0.2
MOZAMBIQUE,MZ,MOZ,MZN,,0.17
MYANMAR,MM,MMR,MMK,,0.05
NAMIBIA,NA,NAM,NAD,,
NAURU,NR,NRU,AUD,1.355564593,
NEPAL,NP,NPL,NPR,,
NETHERLANDS,NL,NLD,EUR,1.1845,0.21
NEW CALEDONIA,NC,NCL,XPF,,
NEW ZEALAND,NZ,NZL,NZD,1.438848921,0.15
NICARAGUA,NI,NIC,NIO,,0.15
NIGER (THE),NE,NER,XOF,,
NIGERIA,NG,NGA,NGN,,0.08
NIUE,NU,NIU,NZD,1.438848921,
NORFOLK ISLAND,NF,NFK,AUD,1.355564593,
NORTHERN MARIANA ISLANDS (THE),MP,MNP,USD,1,
NORWAY,NO,NOR,NOK,0.113560227,0.25
OMAN,OM,OMN,OMR,2.597402597,0.05
PAKISTAN,PK,PAK,PKR,0.006170048,0.17
PALAU,PW,PLW,USD,1,
"PALESTINE, STATE OF",PS,PSE,,,
PANAMA,PA,PAN,PAB,,0.07
PAPUA NEW GUINEA,PG,PNG,PGK,,0.1
PARAGUAY,PY,PRY,PYG,,0.1
PERU,PE,PER,PEN,0.254666769,0.18
PHILIPPINES,PH,PHL,PHP,0.019844223,0.12
PITCAIRN,PN,PCN,NZD,1.438848921,
POLAND,PL,POL,PLN,0.257625721,0.23
PORTUGAL,PT,PRT,EUR,1.1845,0.23
PUERTO RICO,PR,PRI,USD,1,0.12
QATAR,QA,QAT,QAR,0.271318881,
REPUBLIC OF NORTH MACEDONIA,MK,MKD,MKD,,
ROMANIA,RO,ROU,RON,0.24071444,0.19
RUSSIA,RU,RUS,RUB,0.013141658,
RWANDA,RW,RWA,RWF,,0.18
RÉUNION,RE,REU,EUR,1.1845,
SAINT BARTHÉLEMY,BL,BLM,EUR,1.1845,
"SAINT HELENA, ASCENSION AND TRISTAN DA CUNHA",SH,SHN,SHP,,
SAINT KITTS AND NEVIS,KN,KNA,XCD,,
SAINT LUCIA,LC,LCA,XCD,,0.13
SAINT MARTIN (FRENCH PART),MF,MAF,EUR,1.1845,
SAINT PIERRE AND MIQUELON,PM,SPM,EUR,1.1845,
SAINT VINCENT AND THE GRENADINES,VC,VCT,XCD,,
SAMOA,WS,WSM,WST,,
SAN MARINO,SM,SMR,EUR,1.1845,
SAO TOME AND PRINCIPE,ST,STP,STN,,
SAUDI ARABIA,SA,SAU,SAR,0.266624007,0.15
SENEGAL,SN,SEN,XOF,,0.18
SERBIA,RS,SRB,RSD,0.010068324,0.2
SEYCHELLES,SC,SYC,SCR,,
SIERRA LEONE,SL,SLE,SLL,,
SINGAPORE,SG,SGP,SGD,0.737082627,0.07
SINT MAARTEN (DUTCH PART),SX,SXM,ANG,,
SLOVAKIA,SK,SVK,EUR,1.1845,
SLOVENIA,SI,SVN,EUR,1.1845,0.22
SOLOMON ISLANDS,SB,SLB,SBD,,
SOMALIA,SO,SOM,SOS,,
SOUTH AFRICA,ZA,ZAF,ZAR,0.068965517,0.15
SOUTH GEORGIA AND THE SOUTH SANDWICH ISLANDS,GS,SGS,,,
SOUTH SUDAN,SS,SSD,SSP,,
SPAIN,ES,ESP,EUR,1.1845,0.21
SRI LANKA,LK,LKA,LKR,0.005025126,0.08
SUDAN (THE),SD,SDN,SDG,,
SURINAME,SR,SUR,SRD,,
SVALBARD AND JAN MAYEN,SJ,SJM,NOK,0.113560227,
SWEDEN,SE,SWE,SEK,0.116289887,0.25
SWITZERLAND,CH,CHE,CHF,1.098780354,0.08
SYRIAN ARAB REPUBLIC,SY,SYR,SYP,,
TAIWAN,TW,TWN,TWD,0.035707909,0.05
TAJIKISTAN,TJ,TJK,TJS,,0.15
"TANZANIA, UNITED REPUBLIC OF",TZ,TZA,TZS,,
THAILAND,TH,THA,THB,0.030467834,0.07
TIMOR-LESTE,TL,TLS,USD,1,0.03
TOGO,TG,TGO,XOF,,
TOKELAU,TK,TKL,NZD,1.438848921,
TONGA,TO,TON,TOP,,
TRINIDAD AND TOBAGO,TT,TTO,TTD,,0.13
TUNISIA,TN,TUN,TND,0.358410093,0.19
TURKEY,TR,TUR,TRY,0.103092784,0.18
TURKMENISTAN,TM,TKM,TMT,,0.15
TURKS AND CAICOS ISLANDS (THE),TC,TCA,USD,1,
TUVALU,TV,TUV,AUD,1.355564593,
UGANDA,UG,UGA,UGX,,0.18
UKRAINE,UA,UKR,UAH,0.037149863,0.2
UNITED ARAB EMIRATES,AE,ARE,AED,0.272249598,0.05
UNITED KINGDOM,GB,GBR,GBP,1.3903,0.2
UNITED STATES MINOR OUTLYING ISLANDS (THE),UM,UMI,USD,1,
UNITED STATES,US,USA,USD,1,
URUGUAY,UY,URY,UYU,0.022866394,0.22
UZBEKISTAN,UZ,UZB,UZS,,
VANUATU,VU,VUT,VUV,,
VENEZUELA,VE,VEN,VES,,0.16
VIET NAM,VN,VNM,VND,4.34934E-05,
VIRGIN ISLANDS (BRITISH),VG,VGB,USD,1,
VIRGIN ISLANDS (U.S.),VI,VIR,USD,1,
WALLIS AND FUTUNA,WF,WLF,XPF,,
WESTERN SAHARA,EH,ESH,MAD,0.112069932,
YEMEN,YE,YEM,YER,,
ZAMBIA,ZM,ZMB,ZMW,,0.16
ZIMBABWE,ZW,ZWE,ZWL,,0.15
ÅLAND ISLANDS,AX,ALA,EUR,1.1845,
